{
  "0": {
    "precision": 0.3012072707542051,
    "recall": 0.8977157873458662,
    "f1-score": 0.4510690163018638,
    "support": 4947.0
  },
  "1": {
    "precision": 0.2857142857142857,
    "recall": 0.0001823985408116735,
    "f1-score": 0.0003645643456069996,
    "support": 10965.0
  },
  "2": {
    "precision": 0.3553057725281006,
    "recall": 0.4562133072407045,
    "f1-score": 0.3994859162471886,
    "support": 4088.0
  },
  "accuracy": 0.3154,
  "macro avg": {
    "precision": 0.31407577633219713,
    "recall": 0.4513704977091275,
    "f1-score": 0.2836398322982198,
    "support": 20000.0
  },
  "weighted avg": {
    "precision": 0.3037709754686535,
    "recall": 0.3154,
    "f1-score": 0.1934267148656704,
    "support": 20000.0
  }
}