{
  "0": {
    "precision": 0.8495736906211937,
    "recall": 0.7890271493212669,
    "f1-score": 0.8181818181818182,
    "support": 15912.0
  },
  "1": {
    "precision": 0.35714285714285715,
    "recall": 0.4562133072407045,
    "f1-score": 0.40064446831364126,
    "support": 4088.0
  },
  "accuracy": 0.721,
  "macro avg": {
    "precision": 0.6033582738820255,
    "recall": 0.6226202282809857,
    "f1-score": 0.6094131432477298,
    "support": 20000.0
  },
  "weighted avg": {
    "precision": 0.7489208282582217,
    "recall": 0.721,
    "f1-score": 0.7328371838687628,
    "support": 20000.0
  }
}