{
  "0": {
    "precision": 0.8353360623266869,
    "recall": 0.7951231774761186,
    "f1-score": 0.8147337240002576,
    "support": 15912.0
  },
  "1": {
    "precision": 0.32838895756077463,
    "recall": 0.38992172211350296,
    "f1-score": 0.3565197942294789,
    "support": 4088.0
  },
  "accuracy": 0.7123,
  "macro avg": {
    "precision": 0.5818625099437308,
    "recall": 0.5925224497948107,
    "f1-score": 0.5856267591148683,
    "support": 20000.0
  },
  "weighted avg": {
    "precision": 0.7317160741125345,
    "recall": 0.7123,
    "f1-score": 0.7210747967551104,
    "support": 20000.0
  }
}