{
  "0": {
    "precision": 0.0,
    "recall": 0.0,
    "f1-score": 0.0,
    "support": 4947.0
  },
  "1": {
    "precision": 0.5483048304830483,
    "recall": 1.0,
    "f1-score": 0.7082647030326519,
    "support": 10965.0
  },
  "2": {
    "precision": 1.0,
    "recall": 0.0004892367906066536,
    "f1-score": 0.0009779951100244498,
    "support": 4088.0
  },
  "accuracy": 0.54835,
  "macro avg": {
    "precision": 0.5161016101610162,
    "recall": 0.33349641226353555,
    "f1-score": 0.23641423271422546,
    "support": 20000.0
  },
  "weighted avg": {
    "precision": 0.5050081233123311,
    "recall": 0.54835,
    "f1-score": 0.38850602563814035,
    "support": 20000.0
  }
}