{
  "0": {
    "precision": 0.8493890501586444,
    "recall": 0.7907239819004525,
    "f1-score": 0.8190073230268511,
    "support": 15912.0
  },
  "1": {
    "precision": 0.3580104106419896,
    "recall": 0.4542563600782779,
    "f1-score": 0.4004312668463612,
    "support": 4088.0
  },
  "accuracy": 0.72195,
  "macro avg": {
    "precision": 0.603699730400317,
    "recall": 0.6224901709893652,
    "f1-score": 0.6097192949366061,
    "support": 20000.0
  },
  "weighted avg": {
    "precision": 0.7489512562414401,
    "recall": 0.72195,
    "f1-score": 0.733450377143559,
    "support": 20000.0
  }
}