{
  "0": {
    "precision": 0.8467586114997668,
    "recall": 0.7987053795877326,
    "f1-score": 0.8220303353707836,
    "support": 15912.0
  },
  "1": {
    "precision": 0.3582448407132839,
    "recall": 0.43737769080234834,
    "f1-score": 0.393875977530565,
    "support": 4088.0
  },
  "accuracy": 0.72485,
  "macro avg": {
    "precision": 0.6025017261065253,
    "recall": 0.6180415351950405,
    "f1-score": 0.6079531564506744,
    "support": 20000.0
  },
  "weighted avg": {
    "precision": 0.7469063967510098,
    "recall": 0.72485,
    "f1-score": 0.734515584628243,
    "support": 20000.0
  }
}