{
  "0": {
    "precision": 0.45454545454545453,
    "recall": 0.0010135819987837015,
    "f1-score": 0.0020226537216828477,
    "support": 4933.0
  },
  "1": {
    "precision": 0.5507304382629578,
    "recall": 0.9995459911014256,
    "f1-score": 0.7101706396567853,
    "support": 11013.0
  },
  "2": {
    "precision": 1.0,
    "recall": 0.000246669955599408,
    "f1-score": 0.0004932182490752158,
    "support": 4054.0
  },
  "accuracy": 0.5507,
  "macro avg": {
    "precision": 0.6684252976028041,
    "recall": 0.3336020810186029,
    "f1-score": 0.23756217054251447,
    "support": 20000.0
  },
  "weighted avg": {
    "precision": 0.6180733521931341,
    "recall": 0.5507,
    "f1-score": 0.3916543256065494,
    "support": 20000.0
  }
}