{
  "0": {
    "precision": 0.0,
    "recall": 0.0,
    "f1-score": 0.0,
    "support": 9666.0
  },
  "1": {
    "precision": 0.5528,
    "recall": 1.0,
    "f1-score": 0.7120041215868109,
    "support": 22112.0
  },
  "2": {
    "precision": 0.0,
    "recall": 0.0,
    "f1-score": 0.0,
    "support": 8222.0
  },
  "accuracy": 0.5528,
  "macro avg": {
    "precision": 0.18426666666666666,
    "recall": 0.3333333333333333,
    "f1-score": 0.23733470719560365,
    "support": 40000.0
  },
  "weighted avg": {
    "precision": 0.30558783999999994,
    "recall": 0.5528,
    "f1-score": 0.39359587841318905,
    "support": 40000.0
  }
}