{
  "0": {
    "precision": 0.849721706864564,
    "recall": 0.7771493212669683,
    "f1-score": 0.8118168389955687,
    "support": 15912.0
  },
  "1": {
    "precision": 0.3489994492381127,
    "recall": 0.46501956947162426,
    "f1-score": 0.39874147876245414,
    "support": 4088.0
  },
  "accuracy": 0.71335,
  "macro avg": {
    "precision": 0.5993605780513384,
    "recall": 0.6210844453692963,
    "f1-score": 0.6052791588790114,
    "support": 20000.0
  },
  "weighted avg": {
    "precision": 0.7473740774057175,
    "recall": 0.71335,
    "f1-score": 0.7273842353639202,
    "support": 20000.0
  }
}