{
  "0": {
    "precision": 0.3003307012215698,
    "recall": 0.899535071760663,
    "f1-score": 0.4503137016798219,
    "support": 4947.0
  },
  "1": {
    "precision": 0.5909090909090909,
    "recall": 0.0011855905152758778,
    "f1-score": 0.0023664330572494767,
    "support": 10965.0
  },
  "2": {
    "precision": 0.3567138151521023,
    "recall": 0.4503424657534247,
    "f1-score": 0.3980970915774678,
    "support": 4088.0
  },
  "accuracy": 0.3152,
  "macro avg": {
    "precision": 0.41598453576092104,
    "recall": 0.4503543760097879,
    "f1-score": 0.2835924087715131,
    "support": 20000.0
  },
  "weighted avg": {
    "precision": 0.4711650118551541,
    "recall": 0.3152,
    "f1-score": 0.1940535365525754,
    "support": 20000.0
  }
}