{
  "0": {
    "precision": 0.30077886894683376,
    "recall": 0.8977157873458662,
    "f1-score": 0.450588474025974,
    "support": 4947.0
  },
  "1": {
    "precision": 0.5714285714285714,
    "recall": 0.000364797081623347,
    "f1-score": 0.0007291286912139992,
    "support": 10965.0
  },
  "2": {
    "precision": 0.35539403213465953,
    "recall": 0.45450097847358123,
    "f1-score": 0.39888364104765994,
    "support": 4088.0
  },
  "accuracy": 0.31515,
  "macro avg": {
    "precision": 0.40920049083668825,
    "recall": 0.45086052096702356,
    "f1-score": 0.28340041458828263,
    "support": 20000.0
  },
  "weighted avg": {
    "precision": 0.46032590768803805,
    "recall": 0.31515,
    "f1-score": 0.19338462008542442,
    "support": 20000.0
  }
}