{
  "0": {
    "precision": 0.3157894736842105,
    "recall": 0.002425712553062462,
    "f1-score": 0.00481444332998997,
    "support": 4947.0
  },
  "1": {
    "precision": 0.5485085869237722,
    "recall": 0.9961696306429548,
    "f1-score": 0.707471096861945,
    "support": 10965.0
  },
  "2": {
    "precision": 0.4375,
    "recall": 0.005136986301369863,
    "f1-score": 0.010154738878143133,
    "support": 4088.0
  },
  "accuracy": 0.5478,
  "macro avg": {
    "precision": 0.4339326868693276,
    "recall": 0.33457744316579574,
    "f1-score": 0.24081342635669267,
    "support": 20000.0
  },
  "weighted avg": {
    "precision": 0.46825535909674765,
    "recall": 0.5478,
    "f1-score": 0.39113751003892683,
    "support": 20000.0
  }
}