{
  "0": {
    "precision": 0.30103191416660974,
    "recall": 0.8904386496866787,
    "f1-score": 0.44994892747701737,
    "support": 4947.0
  },
  "1": {
    "precision": 0.4507042253521127,
    "recall": 0.002918376652986776,
    "f1-score": 0.005799202609641174,
    "support": 10965.0
  },
  "2": {
    "precision": 0.3536631419939577,
    "recall": 0.45817025440313114,
    "f1-score": 0.39919011082693945,
    "support": 4088.0
  },
  "accuracy": 0.3155,
  "macro avg": {
    "precision": 0.36846642717089334,
    "recall": 0.4505090935809322,
    "f1-score": 0.284979413637866,
    "support": 20000.0
  },
  "weighted avg": {
    "precision": 0.39384758174197165,
    "recall": 0.3155,
    "f1-score": 0.19606873869520244,
    "support": 20000.0
  }
}