{
  "0": {
    "precision": 0.7957069948964275,
    "recall": 0.9994343891402715,
    "f1-score": 0.8860103626943006,
    "support": 15912.0
  },
  "1": {
    "precision": 0.35714285714285715,
    "recall": 0.001223091976516634,
    "f1-score": 0.0024378352023403218,
    "support": 4088.0
  },
  "accuracy": 0.7954,
  "macro avg": {
    "precision": 0.5764249260196423,
    "recall": 0.500328740558394,
    "f1-score": 0.44422409894832043,
    "support": 20000.0
  },
  "weighted avg": {
    "precision": 0.7060644851395976,
    "recall": 0.7954,
    "f1-score": 0.7054081380749438,
    "support": 20000.0
  }
}