{
  "0": {
    "precision": 0.2956917219010013,
    "recall": 0.8676805296917028,
    "f1-score": 0.44107283723376284,
    "support": 9666.0
  },
  "1": {
    "precision": 0.5810473815461347,
    "recall": 0.01053726483357453,
    "f1-score": 0.02069915160129703,
    "support": 22112.0
  },
  "2": {
    "precision": 0.3500667556742323,
    "recall": 0.4783507662369253,
    "f1-score": 0.4042760960065786,
    "support": 8222.0
  },
  "accuracy": 0.313825,
  "macro avg": {
    "precision": 0.4089352863737894,
    "recall": 0.45218952025406756,
    "f1-score": 0.2886826949472128,
    "support": 40000.0
  },
  "weighted avg": {
    "precision": 0.4646131187449187,
    "recall": 0.313825,
    "f1-score": 0.20112669365688804,
    "support": 40000.0
  }
}