{
  "0": {
    "precision": 0.8495509487473833,
    "recall": 0.7906611362493715,
    "f1-score": 0.8190488590866183,
    "support": 15912.0
  },
  "1": {
    "precision": 0.35831246387979193,
    "recall": 0.45499021526418787,
    "f1-score": 0.4009052699644358,
    "support": 4088.0
  },
  "accuracy": 0.72205,
  "macro avg": {
    "precision": 0.6039317063135876,
    "recall": 0.6228256757567797,
    "f1-score": 0.609977064525527,
    "support": 20000.0
  },
  "weighted avg": {
    "precision": 0.7491418024404476,
    "recall": 0.72205,
    "f1-score": 0.7335803094700442,
    "support": 20000.0
  }
}