{
  "0": {
    "precision": 0.2986890120286525,
    "recall": 0.8934707903780069,
    "f1-score": 0.44770828057736134,
    "support": 4947.0
  },
  "1": {
    "precision": 0.4444444444444444,
    "recall": 0.001459188326493388,
    "f1-score": 0.00290882647032088,
    "support": 10965.0
  },
  "2": {
    "precision": 0.3497870692992644,
    "recall": 0.44202544031311153,
    "f1-score": 0.3905338232115842,
    "support": 4088.0
  },
  "accuracy": 0.31215,
  "macro avg": {
    "precision": 0.36430684192412044,
    "recall": 0.4456518063392039,
    "f1-score": 0.28038364341975547,
    "support": 20000.0
  },
  "weighted avg": {
    "precision": 0.3890438707567235,
    "recall": 0.31215,
    "f1-score": 0.19216052077761156,
    "support": 20000.0
  }
}