{
  "0": {
    "precision": 0.3006704137604117,
    "recall": 0.897513644633111,
    "f1-score": 0.45044131074363397,
    "support": 4947.0
  },
  "1": {
    "precision": 0.5833333333333334,
    "recall": 0.0012767897856817145,
    "f1-score": 0.002548002548002548,
    "support": 10965.0
  },
  "2": {
    "precision": 0.3559224419274333,
    "recall": 0.4535225048923679,
    "f1-score": 0.398838334946757,
    "support": 4088.0
  },
  "accuracy": 0.3154,
  "macro avg": {
    "precision": 0.4133087296737261,
    "recall": 0.4507709797703869,
    "f1-score": 0.28394254941279784,
    "support": 20000.0
  },
  "weighted avg": {
    "precision": 0.4669338739736052,
    "recall": 0.3154,
    "f1-score": 0.19433615627249742,
    "support": 20000.0
  }
}