{
  "0": {
    "precision": 0.3333333333333333,
    "recall": 0.0006064281382656155,
    "f1-score": 0.0012106537530266344,
    "support": 4947.0
  },
  "1": {
    "precision": 0.5482515383460903,
    "recall": 0.999452804377565,
    "f1-score": 0.7080829618143051,
    "support": 10965.0
  },
  "2": {
    "precision": 0.5,
    "recall": 0.0002446183953033268,
    "f1-score": 0.0004889975550122249,
    "support": 4088.0
  },
  "accuracy": 0.54815,
  "macro avg": {
    "precision": 0.4605282905598079,
    "recall": 0.33343461697037796,
    "f1-score": 0.23659420437411463,
    "support": 20000.0
  },
  "weighted avg": {
    "precision": 0.485228905898244,
    "recall": 0.54815,
    "f1-score": 0.3886058901207484,
    "support": 20000.0
  }
}