{
  "0": {
    "precision": 0.3002680965147453,
    "recall": 0.8829593693147362,
    "f1-score": 0.4481378885811019,
    "support": 4947.0
  },
  "1": {
    "precision": 0.6078431372549019,
    "recall": 0.005654354765161879,
    "f1-score": 0.011204481792717087,
    "support": 10965.0
  },
  "2": {
    "precision": 0.3511493178845076,
    "recall": 0.45963796477495106,
    "f1-score": 0.3981353956986969,
    "support": 4088.0
  },
  "accuracy": 0.31545,
  "macro avg": {
    "precision": 0.4197535172180516,
    "recall": 0.449417229618283,
    "f1-score": 0.28582592202417195,
    "support": 20000.0
  },
  "weighted avg": {
    "precision": 0.4792962342485156,
    "recall": 0.31545,
    "f1-score": 0.19836863876420632,
    "support": 20000.0
  }
}