{
  "0": {
    "precision": 0.849436229829181,
    "recall": 0.7906611362493715,
    "f1-score": 0.8189955408000521,
    "support": 15912.0
  },
  "1": {
    "precision": 0.35806513779148197,
    "recall": 0.45450097847358123,
    "f1-score": 0.40056052603212244,
    "support": 4088.0
  },
  "accuracy": 0.72195,
  "macro avg": {
    "precision": 0.6037506838103315,
    "recall": 0.6225810573614764,
    "f1-score": 0.6097780334160873,
    "support": 20000.0
  },
  "weighted avg": {
    "precision": 0.7489999786166753,
    "recall": 0.72195,
    "f1-score": 0.7334674237814873,
    "support": 20000.0
  }
}