{
  "0": {
    "precision": 0.28183882648990366,
    "recall": 0.9282393369719022,
    "f1-score": 0.43239171374764596,
    "support": 4947.0
  },
  "1": {
    "precision": 0.5,
    "recall": 0.0005471956224350205,
    "f1-score": 0.0010931948619841486,
    "support": 10965.0
  },
  "2": {
    "precision": 0.3553450608930988,
    "recall": 0.3211839530332681,
    "f1-score": 0.33740203006552744,
    "support": 4088.0
  },
  "accuracy": 0.29555,
  "macro avg": {
    "precision": 0.3790612957943342,
    "recall": 0.4166568285425351,
    "f1-score": 0.25696231289171917,
    "support": 20000.0
  },
  "weighted avg": {
    "precision": 0.4164703641788271,
    "recall": 0.29555,
    "f1-score": 0.17651640942395683,
    "support": 20000.0
  }
}