{
  "0": {
    "precision": 0.8504130538676862,
    "recall": 0.7828054298642534,
    "f1-score": 0.8152099217906346,
    "support": 15912.0
  },
  "1": {
    "precision": 0.354380721090977,
    "recall": 0.464041095890411,
    "f1-score": 0.40186420929986233,
    "support": 4088.0
  },
  "accuracy": 0.71765,
  "macro avg": {
    "precision": 0.6023968874793316,
    "recall": 0.6234232628773322,
    "f1-score": 0.6085370655452484,
    "support": 20000.0
  },
  "weighted avg": {
    "precision": 0.7490240450481268,
    "recall": 0.71765,
    "f1-score": 0.7307220581575208,
    "support": 20000.0
  }
}