{
  "0": {
    "precision": 0.7956,
    "recall": 1.0,
    "f1-score": 0.8861661840053464,
    "support": 15912.0
  },
  "1": {
    "precision": 0.0,
    "recall": 0.0,
    "f1-score": 0.0,
    "support": 4088.0
  },
  "accuracy": 0.7956,
  "macro avg": {
    "precision": 0.3978,
    "recall": 0.5,
    "f1-score": 0.4430830920026732,
    "support": 20000.0
  },
  "weighted avg": {
    "precision": 0.63297936,
    "recall": 0.7956,
    "f1-score": 0.7050338159946536,
    "support": 20000.0
  }
}