{
  "0": {
    "precision": 0.3005268846257768,
    "recall": 0.8993329290479078,
    "f1-score": 0.45050883499569644,
    "support": 4947.0
  },
  "1": {
    "precision": 0.5833333333333334,
    "recall": 0.0006383948928408573,
    "f1-score": 0.0012753940056481736,
    "support": 10965.0
  },
  "2": {
    "precision": 0.3560956790123457,
    "recall": 0.4515655577299413,
    "f1-score": 0.3981880931837791,
    "support": 4088.0
  },
  "accuracy": 0.3151,
  "macro avg": {
    "precision": 0.41331863232381866,
    "recall": 0.45051229389023,
    "f1-score": 0.28332410739504127,
    "support": 20000.0
  },
  "weighted avg": {
    "precision": 0.46693378170230937,
    "recall": 0.3151,
    "f1-score": 0.19352224134654658,
    "support": 20000.0
  }
}