{
  "0": {
    "precision": 0.3004672580754385,
    "recall": 0.8969072164948454,
    "f1-score": 0.45013695850664504,
    "support": 4947.0
  },
  "1": {
    "precision": 0.5789473684210527,
    "recall": 0.0020063839489284085,
    "f1-score": 0.003998909388348632,
    "support": 10965.0
  },
  "2": {
    "precision": 0.35572666025024063,
    "recall": 0.4520547945205479,
    "f1-score": 0.39814715070559087,
    "support": 4088.0
  },
  "accuracy": 0.31535,
  "macro avg": {
    "precision": 0.4117137622489106,
    "recall": 0.45032279832144056,
    "f1-score": 0.2840943395335282,
    "support": 20000.0
  },
  "weighted avg": {
    "precision": 0.464439000376951,
    "recall": 0.31535,
    "f1-score": 0.19491505636300357,
    "support": 20000.0
  }
}