{
  "0": {
    "precision": 0.30098205215035556,
    "recall": 0.8983222154841318,
    "f1-score": 0.45089285714285715,
    "support": 4947.0
  },
  "1": {
    "precision": 0.5384615384615384,
    "recall": 0.0006383948928408573,
    "f1-score": 0.0012752778283840408,
    "support": 10965.0
  },
  "2": {
    "precision": 0.35561087705859823,
    "recall": 0.4542563600782779,
    "f1-score": 0.39892588614393126,
    "support": 4088.0
  },
  "accuracy": 0.3154,
  "macro avg": {
    "precision": 0.3983514892234974,
    "recall": 0.4510723234850835,
    "f1-score": 0.2836980070383908,
    "support": 20000.0
  },
  "weighted avg": {
    "precision": 0.4423463123317063,
    "recall": 0.3154,
    "f1-score": 0.1937679704115168,
    "support": 20000.0
  }
}