{
  "0": {
    "precision": 0.8490654833938416,
    "recall": 0.7936777275012569,
    "f1-score": 0.8204378613655557,
    "support": 15912.0
  },
  "1": {
    "precision": 0.3595396020288724,
    "recall": 0.4508317025440313,
    "f1-score": 0.4000434121988279,
    "support": 4088.0
  },
  "accuracy": 0.7236,
  "macro avg": {
    "precision": 0.604302542711357,
    "recall": 0.6222547150226441,
    "f1-score": 0.6102406367821918,
    "support": 20000.0
  },
  "weighted avg": {
    "precision": 0.7490063932428418,
    "recall": 0.7236,
    "f1-score": 0.7345092359558766,
    "support": 20000.0
  }
}