{
  "0": {
    "precision": 0.30106273568735004,
    "recall": 0.8876086517081059,
    "f1-score": 0.44962113454843333,
    "support": 4947.0
  },
  "1": {
    "precision": 0.5,
    "recall": 0.0001823985408116735,
    "f1-score": 0.0003646640532409518,
    "support": 10965.0
  },
  "2": {
    "precision": 0.3500277213084458,
    "recall": 0.46330724070450097,
    "f1-score": 0.398778818823034,
    "support": 4088.0
  },
  "accuracy": 0.31435,
  "macro avg": {
    "precision": 0.3836968189985986,
    "recall": 0.4503660969844729,
    "f1-score": 0.2829215391415694,
    "support": 20000.0
  },
  "weighted avg": {
    "precision": 0.4201385339077124,
    "recall": 0.31435,
    "f1-score": 0.19292410526517245,
    "support": 20000.0
  }
}