{
  "0": {
    "precision": 0.301146444656749,
    "recall": 0.8920557913887205,
    "f1-score": 0.45028314881893783,
    "support": 4947.0
  },
  "1": {
    "precision": 0.16666666666666666,
    "recall": 9.119927040583675e-05,
    "f1-score": 0.0001822987877130617,
    "support": 10965.0
  },
  "2": {
    "precision": 0.3535580524344569,
    "recall": 0.461839530332681,
    "f1-score": 0.40050912176495546,
    "support": 4088.0
  },
  "accuracy": 0.3151,
  "macro avg": {
    "precision": 0.27379038791929083,
    "recall": 0.45132884033060244,
    "f1-score": 0.2836581897905355,
    "support": 20000.0
  },
  "weighted avg": {
    "precision": 0.23813083900344986,
    "recall": 0.3151,
    "f1-score": 0.19334154665948483,
    "support": 20000.0
  }
}