{
  "0": {
    "precision": 0.8496932515337423,
    "recall": 0.7833710407239819,
    "f1-score": 0.8151854031783402,
    "support": 15912.0
  },
  "1": {
    "precision": 0.3532833020637899,
    "recall": 0.4606164383561644,
    "f1-score": 0.3998725844128265,
    "support": 4088.0
  },
  "accuracy": 0.7174,
  "macro avg": {
    "precision": 0.6014882767987662,
    "recall": 0.6219937395400732,
    "f1-score": 0.6075289937955833,
    "support": 20000.0
  },
  "weighted avg": {
    "precision": 0.748227057862084,
    "recall": 0.7174,
    "f1-score": 0.7302954630226691,
    "support": 20000.0
  }
}