{
  "0": {
    "precision": 0.0,
    "recall": 0.0,
    "f1-score": 0.0,
    "support": 4947.0
  },
  "1": {
    "precision": 0.54825,
    "recall": 1.0,
    "f1-score": 0.7082189568868077,
    "support": 10965.0
  },
  "2": {
    "precision": 0.0,
    "recall": 0.0,
    "f1-score": 0.0,
    "support": 4088.0
  },
  "accuracy": 0.54825,
  "macro avg": {
    "precision": 0.18275,
    "recall": 0.3333333333333333,
    "f1-score": 0.2360729856289359,
    "support": 20000.0
  },
  "weighted avg": {
    "precision": 0.30057806249999997,
    "recall": 0.54825,
    "f1-score": 0.3882810431131923,
    "support": 20000.0
  }
}