{
  "0": {
    "precision": 0.30090605627086314,
    "recall": 0.8928643622397413,
    "f1-score": 0.4501171914806889,
    "support": 4947.0
  },
  "1": {
    "precision": 0.5,
    "recall": 0.0009119927040583675,
    "f1-score": 0.0018206645425580337,
    "support": 10965.0
  },
  "2": {
    "precision": 0.3535182041124316,
    "recall": 0.45841487279843446,
    "f1-score": 0.39919054212376187,
    "support": 4088.0
  },
  "accuracy": 0.31505,
  "macro avg": {
    "precision": 0.3848080867944316,
    "recall": 0.45073040924741137,
    "f1-score": 0.28370946604900293,
    "support": 20000.0
  },
  "weighted avg": {
    "precision": 0.420813233939179,
    "recall": 0.31505,
    "f1-score": 0.19392921345830277,
    "support": 20000.0
  }
}