{
  "0": {
    "precision": 0.3008523695874531,
    "recall": 0.8918536486759653,
    "f1-score": 0.44992861513359167,
    "support": 4947.0
  },
  "1": {
    "precision": 0.5454545454545454,
    "recall": 0.0016415868673050615,
    "f1-score": 0.0032733224222585926,
    "support": 10965.0
  },
  "2": {
    "precision": 0.3545831761599397,
    "recall": 0.4598825831702544,
    "f1-score": 0.40042598509052185,
    "support": 4088.0
  },
  "accuracy": 0.3155,
  "macro avg": {
    "precision": 0.40029669706731275,
    "recall": 0.4511259395711749,
    "f1-score": 0.28454264088212405,
    "support": 20000.0
  },
  "weighted avg": {
    "precision": 0.4459380893700027,
    "recall": 0.3155,
    "f1-score": 0.19493151332379985,
    "support": 20000.0
  }
}