{
  "0": {
    "precision": 0.850177304964539,
    "recall": 0.7834967320261438,
    "f1-score": 0.8154761904761905,
    "support": 15912.0
  },
  "1": {
    "precision": 0.35438530734632684,
    "recall": 0.462573385518591,
    "f1-score": 0.40131578947368424,
    "support": 4088.0
  },
  "accuracy": 0.7179,
  "macro avg": {
    "precision": 0.602281306155433,
    "recall": 0.6230350587723674,
    "f1-score": 0.6083959899749374,
    "support": 20000.0
  },
  "weighted avg": {
    "precision": 0.7488374206513765,
    "recall": 0.7179,
    "f1-score": 0.7308218045112782,
    "support": 20000.0
  }
}