{
  "0": {
    "precision": 0.30064961429151443,
    "recall": 0.8981200727713766,
    "f1-score": 0.45049429657794676,
    "support": 4947.0
  },
  "1": {
    "precision": 0.3333333333333333,
    "recall": 0.00045599635202918376,
    "f1-score": 0.0009107468123861566,
    "support": 10965.0
  },
  "2": {
    "precision": 0.35605915114269254,
    "recall": 0.4535225048923679,
    "f1-score": 0.39892415277030663,
    "support": 4088.0
  },
  "accuracy": 0.3151,
  "macro avg": {
    "precision": 0.3300140329225134,
    "recall": 0.4506995246719246,
    "f1-score": 0.28344306538687986,
    "support": 20000.0
  },
  "weighted avg": {
    "precision": 0.32989417258857245,
    "recall": 0.3151,
    "f1-score": 0.19346917802469651,
    "support": 20000.0
  }
}