{
  "0": {
    "precision": 0.8496017280950452,
    "recall": 0.7909753645047762,
    "f1-score": 0.8192410336522814,
    "support": 15912.0
  },
  "1": {
    "precision": 0.3586579251831855,
    "recall": 0.45499021526418787,
    "f1-score": 0.40112141470778523,
    "support": 4088.0
  },
  "accuracy": 0.7223,
  "macro avg": {
    "precision": 0.6041298266391153,
    "recall": 0.6229827898844821,
    "f1-score": 0.6101812241800333,
    "support": 20000.0
  },
  "weighted avg": {
    "precision": 0.749252814779861,
    "recall": 0.7223,
    "f1-score": 0.7337773835400264,
    "support": 20000.0
  }
}