{
  "0": {
    "precision": 0.3010803832302779,
    "recall": 0.8956943602183142,
    "f1-score": 0.4506712774613507,
    "support": 4947.0
  },
  "1": {
    "precision": 0.7692307692307693,
    "recall": 0.001823985408116735,
    "f1-score": 0.0036393412792284597,
    "support": 10965.0
  },
  "2": {
    "precision": 0.35628685562107665,
    "recall": 0.45817025440313114,
    "f1-score": 0.4008560727661851,
    "support": 4088.0
  },
  "accuracy": 0.3162,
  "macro avg": {
    "precision": 0.47553266936070787,
    "recall": 0.45189620000985403,
    "f1-score": 0.2850555638355881,
    "support": 20000.0
  },
  "weighted avg": {
    "precision": 0.5690280353117266,
    "recall": 0.3162,
    "f1-score": 0.19540379060981033,
    "support": 20000.0
  }
}