{
  "0": {
    "precision": 0.3012302045809828,
    "recall": 0.8958965029310694,
    "f1-score": 0.4508646998982706,
    "support": 4947.0
  },
  "1": {
    "precision": 1.0,
    "recall": 0.0001823985408116735,
    "f1-score": 0.00036473055530227043,
    "support": 10965.0
  },
  "2": {
    "precision": 0.35496688741721855,
    "recall": 0.4589041095890411,
    "f1-score": 0.40029873039581776,
    "support": 4088.0
  },
  "accuracy": 0.3155,
  "macro avg": {
    "precision": 0.5520656973327337,
    "recall": 0.4516610036869741,
    "f1-score": 0.28384272028313023,
    "support": 20000.0
  },
  "weighted avg": {
    "precision": 0.6953145228911856,
    "recall": 0.3155,
    "f1-score": 0.19354240753968688,
    "support": 20000.0
  }
}