{
  "0": {
    "precision": 0.8501747030048917,
    "recall": 0.7645801910507792,
    "f1-score": 0.8051088610945669,
    "support": 15912.0
  },
  "1": {
    "precision": 0.34165202108963094,
    "recall": 0.4755381604696673,
    "f1-score": 0.397627326651667,
    "support": 4088.0
  },
  "accuracy": 0.7055,
  "macro avg": {
    "precision": 0.5959133620472613,
    "recall": 0.6200591757602233,
    "f1-score": 0.601368093873117,
    "support": 20000.0
  },
  "weighted avg": {
    "precision": 0.7462326668214124,
    "recall": 0.7055,
    "f1-score": 0.7218196354544382,
    "support": 20000.0
  }
}