{
  "0": {
    "precision": 0.29776941682343455,
    "recall": 0.8958965029310694,
    "f1-score": 0.44697695527204884,
    "support": 4947.0
  },
  "1": {
    "precision": 0.5714285714285714,
    "recall": 0.00729594163246694,
    "f1-score": 0.014407924358397118,
    "support": 10965.0
  },
  "2": {
    "precision": 0.3532958199356913,
    "recall": 0.4300391389432485,
    "f1-score": 0.3879082082965578,
    "support": 4088.0
  },
  "accuracy": 0.3135,
  "macro avg": {
    "precision": 0.40749793606256574,
    "recall": 0.4444105278355949,
    "f1-score": 0.2830976959756679,
    "support": 20000.0
  },
  "weighted avg": {
    "precision": 0.4591526451318461,
    "recall": 0.3135,
    "f1-score": 0.1977473321918489,
    "support": 20000.0
  }
}